{
  "project_info": {
    "project_number": "745334954991",
    "project_id": "meal-app-d8622",
    "storage_bucket": "meal-app-d8622.appspot.com"
  },
  "client": [
    {
      "client_info": {
        "mobilesdk_app_id": "1:745334954991:android:a74b3c495a87705c7b741a",
        "android_client_info": {
          "package_name": "com.example.myapplication"
        }
      },
      "oauth_client": [
        {
          "client_id": "745334954991-8g3m89mv2o2sir57e9a9rugmqhauljms.apps.googleusercontent.com",
          "client_type": 1,
          "android_info": {
            "package_name": "com.example.myapplication",
            "certificate_hash": "7656deda45f2c2526a7a0869bede68f7f638a2dc"
          }
        },
        {
          "client_id": "745334954991-an1rkosgl09ka59pniqo8kqv8j7f0lcc.apps.googleusercontent.com",
          "client_type": 3
        }
      ],
      "api_key": [
        {
          "current_key": "AIzaSyCi_J78Z965EPil7Ro1vHWEuM0t6MkXNJA"
        }
      ],
      "services": {
        "appinvite_service": {
          "other_platform_oauth_client": [
            {
              "client_id": "745334954991-an1rkosgl09ka59pniqo8kqv8j7f0lcc.apps.googleusercontent.com",
              "client_type": 3
            }
          ]
        }
      }
    }
  ],
  "configuration_version": "1"
}